[
{
    "fields": {
        "is_active": true,
        "is_staff": true,
        "last_login": "2015-05-04T02:11:10.432Z",
        "nombre": "franco",
        "password": "pbkdf2_sha256$12000$X8ERmaAm2Dcd$3MdeR41gUxUUVE55ArSEOdE/RgCSFS0VxT56LJN4FBQ=",
        "email": "francong2@gmail.com"
    },
    "model": "main.user",
    "pk": 1
},
{
    "fields": {
        "max_imagenes": 5,
        "posicionamiento": "Bajo",
        "costo": "0.00",
        "impresion": false,
        "boletin": false,
        "descripcion": "Men\u00fa virtual (editable), 5 imagenes, logo, caracteristicas, descripcion y detalles",
        "nombre": "Plata",
        "estadisticas": false
    },
    "model": "main.plan",
    "pk": 1
},
{
    "fields": {
        "max_imagenes": 15,
        "posicionamiento": "Bajo",
        "costo": "1200.00",
        "impresion": false,
        "boletin": false,
        "descripcion": "Men\u00fa virtual (editable), 15 im\u00e1genes, posicionamiento, estadisticas de perfil, logo, caracter\u00edsticas, descripcion y detalles",
        "nombre": "Oro",
        "estadisticas": true
    },
    "model": "main.plan",
    "pk": 2
},
{
    "fields": {
        "max_imagenes": 30,
        "posicionamiento": "Medio",
        "costo": "1600.00",
        "impresion": false,
        "boletin": true,
        "descripcion": "Men\u00fa virtual (editable), 30 im\u00e1genes, newsletter semanal, posicionamiento, estadisticas de perfil, logo, caracter\u00edsticas, descripcion y detalles",
        "nombre": "Platino",
        "estadisticas": true
    },
    "model": "main.plan",
    "pk": 3
},
{
    "fields": {
        "max_imagenes": 50,
        "posicionamiento": "Alto",
        "costo": "2500.00",
        "impresion": true,
        "boletin": true,
        "descripcion": "Men\u00fa virtual (editable), m\u00e1s de 45 im\u00e1genes, secci\u00f3n recomendados, fotos men\u00fa, newsletter semanal, posicionamiento, estadisticas de perfil, logo, caracter\u00edsticas, descripcion y detalles",
        "nombre": "Diamante",
        "estadisticas": true
    },
    "model": "main.plan",
    "pk": 4
},
{
    "fields": {
        "nombre": "Italiana",
        "imagen": "uploads/img/categorias/italiana.jpg"
    },
    "model": "main.categoria",
    "pk": 1
},
{
    "fields": {
        "nombre": "Parrilla",
        "imagen": "uploads/img/categorias/carnes.jpg"
    },
    "model": "main.categoria",
    "pk": 2
},
{
    "fields": {
        "nombre": "Japonesa",
        "imagen": "uploads/img/categorias/japonesa.jpg"
    },
    "model": "main.categoria",
    "pk": 3
},
{
    "fields": {
        "nombre": "Espa\u00f1ola",
        "imagen": "uploads/img/categorias/espanola.jpg"
    },
    "model": "main.categoria",
    "pk": 4
},
{
    "fields": {
        "nombre": "China",
        "imagen": "uploads/img/categorias/china.jpg"
    },
    "model": "main.categoria",
    "pk": 5
},
{
    "fields": {
        "nombre": "Mediterr\u00e1nea",
        "imagen": "uploads/img/categorias/mediterranea.jpg"
    },
    "model": "main.categoria",
    "pk": 6
},
{
    "fields": {
        "nombre": "\u00c1rabe",
        "imagen": "uploads/img/categorias/arabe.jpg"
    },
    "model": "main.categoria",
    "pk": 7
},
{
    "fields": {
        "nombre": "Desayunos",
        "imagen": "uploads/img/categorias/desayunos.jpg"
    },
    "model": "main.categoria",
    "pk": 9
},
{
    "fields": {
        "nombre": "Aves",
        "imagen": "uploads/img/categorias/aves.jpg"
    },
    "model": "main.categoria",
    "pk": 10
},
{
    "fields": {
        "nombre": "Postres",
        "imagen": "uploads/img/categorias/postres.jpg"
    },
    "model": "main.categoria",
    "pk": 12
},
{
    "fields": {
        "nombre": "Helado",
        "imagen": "uploads/img/categorias/heladeria.jpg"
    },
    "model": "main.categoria",
    "pk": 13
},
{
    "fields": {
        "nombre": "Gourmet",
        "imagen": "uploads/img/categorias/gourmet.jpg"
    },
    "model": "main.categoria",
    "pk": 14
},
{
    "fields": {
        "nombre": "Venezolana",
        "imagen": "uploads/img/categorias/nacional.jpg"
    },
    "model": "main.categoria",
    "pk": 15
},
{
    "fields": {
        "nombre": "Mexicana",
        "imagen": "uploads/img/categorias/mexicana.jpg"
    },
    "model": "main.categoria",
    "pk": 16
},
{
    "fields": {
        "nombre": "Pescados",
        "imagen": "uploads/img/categorias/pescados_mariscos.jpg"
    },
    "model": "main.categoria",
    "pk": 17
},
{
    "fields": {
        "nombre": "Americana",
        "imagen": "uploads/img/categorias/americana.jpg"
    },
    "model": "main.categoria",
    "pk": 21
},
{
    "fields": {
        "nombre": "Asi\u00e1tica",
        "imagen": "uploads/img/categorias/asiatica.jpg"
    },
    "model": "main.categoria",
    "pk": 22
},
{
    "fields": {
        "nombre": "Bar",
        "imagen": "uploads/img/categorias/bar.jpg"
    },
    "model": "main.categoria",
    "pk": 23
},
{
    "fields": {
        "nombre": "Carnes",
        "imagen": "uploads/img/categorias/carnes.jpg"
    },
    "model": "main.categoria",
    "pk": 24
},
{
    "fields": {
        "nombre": "Casera",
        "imagen": "uploads/img/categorias/casera.jpg"
    },
    "model": "main.categoria",
    "pk": 25
},
{
    "fields": {
        "nombre": "Tentempies",
        "imagen": "uploads/img/categorias/tentempie.jpg"
    },
    "model": "main.categoria",
    "pk": 26
},
{
    "fields": {
        "nombre": "R\u00e1pida",
        "imagen": "uploads/img/categorias/americana.jpg"
    },
    "model": "main.categoria",
    "pk": 27
},
{
    "fields": {
        "nombre": "Mariscos",
        "imagen": "uploads/img/categorias/pescados_mariscos.jpg"
    },
    "model": "main.categoria",
    "pk": 28
},
{
    "fields": {
        "nombre": "Estacionamiento",
        "imagen_gris": "",
        "imagen": ""
    },
    "model": "main.servicio",
    "pk": 1
},
{
    "fields": {
        "nombre": "Reservaci\u00f3n",
        "imagen_gris": "",
        "imagen": ""
    },
    "model": "main.servicio",
    "pk": 2
},
{
    "fields": {
        "nombre": "Parquero",
        "imagen_gris": "",
        "imagen": ""
    },
    "model": "main.servicio",
    "pk": 3
},
{
    "fields": {
        "nombre": "Exterior",
        "imagen_gris": "",
        "imagen": ""
    },
    "model": "main.servicio",
    "pk": 4
},
{
    "fields": {
        "nombre": "Delivery",
        "imagen_gris": "",
        "imagen": ""
    },
    "model": "main.servicio",
    "pk": 5
},
{
    "fields": {
        "nombre": "Local Nocturno",
        "imagen_gris": "",
        "imagen": ""
    },
    "model": "main.servicio",
    "pk": 6
},
{
    "fields": {
        "nombre": "Wifi",
        "imagen_gris": "",
        "imagen": ""
    },
    "model": "main.servicio",
    "pk": 7
},
{
    "fields": {
        "nombre": "Discapacitados",
        "imagen_gris": "",
        "imagen": ""
    },
    "model": "main.servicio",
    "pk": 8
},
{
    "fields": {
        "nombre": "M\u00fasica",
        "imagen_gris": "",
        "imagen": ""
    },
    "model": "main.servicio",
    "pk": 9
},
{
    "fields": {
        "nombre": "Efectivo"
    },
    "model": "main.metodo",
    "pk": 1
},
{
    "fields": {
        "nombre": "D\u00e9bito"
    },
    "model": "main.metodo",
    "pk": 2
},
{
    "fields": {
        "nombre": "Cr\u00e9dito"
    },
    "model": "main.metodo",
    "pk": 3
},
{
    "fields": {
        "nombre": "Cesta Ticket"
    },
    "model": "main.metodo",
    "pk": 4
},
{
    "fields": {
        "valor": "0.9"
    },
    "model": "main.voto",
    "pk": 1
},
{
    "fields": {
        "valor": "0.9"
    },
    "model": "main.voto",
    "pk": 2
},
{
    "fields": {
        "cargo": "Gerente",
        "telefono": "412-5678910",
        "user": 1
    },
    "model": "main.cliente",
    "pk": 123456
},
{
    "fields": {
        "status": "Activo",
        "categoria": [
            2
        ],
        "servicios": [
            5,
            8,
            4,
            9,
            3,
            2,
            7
        ],
        "visibilidad": "P\u00fablico",
        "cliente": 123456,
        "descripcion": "Es un restaurante que te acerca a la real parrilla venezolana presentando diferentes cortes que le agregan gusto al paladar.",
        "votos": [],
        "plan": 1,
        "logo": "uploads/img/logos/logo_carne.jpg",
        "rif": "J-12345678-9",
        "nombre": "El Parrillon",
        "metodos_pago": [
            4,
            2,
            1
        ],
        "slug": "el-parrillon",
        "abierto": false
    },
    "model": "main.restaurante",
    "pk": 1
},
{
    "fields": {
        "status": "Activo",
        "categoria": [
            3
        ],
        "servicios": [
            5,
            8,
            4,
            9,
            2
        ],
        "visibilidad": "P\u00fablico",
        "cliente": 123456,
        "descripcion": "Es un restaurante-bar de agradable ambiente para relajarte luego de un duro d\u00eda de trabajo, ofreci\u00e9ndote los mejores rolls y combos de la verdadera cocina japonesa.",
        "votos": [],
        "plan": 2,
        "logo": "uploads/img/logos/logo_sushi.jpg",
        "rif": "J-10355678-1",
        "nombre": "Haraki Sushi Bar",
        "metodos_pago": [
            3,
            1
        ],
        "slug": "haraki-sushi-bar",
        "abierto": true
    },
    "model": "main.restaurante",
    "pk": 2
},
{
    "fields": {
        "status": "Activo",
        "categoria": [
            1
        ],
        "servicios": [
            5,
            8,
            4,
            9,
            7
        ],
        "visibilidad": "P\u00fablico",
        "cliente": 123456,
        "descripcion": "Restaurante con el verdadero gusto italiano, los mejores risotos y pastas son nuestro sello.",
        "votos": [],
        "plan": 4,
        "logo": "uploads/img/logos/logo_italiana.jpg",
        "rif": "J-87345678-6",
        "nombre": "Mamma Italia",
        "metodos_pago": [
            3,
            2
        ],
        "slug": "mamma-italia",
        "abierto": true
    },
    "model": "main.restaurante",
    "pk": 3
},
{
    "fields": {
        "status": "Activo",
        "categoria": [
            9
        ],
        "servicios": [
            8,
            1,
            4,
            3
        ],
        "visibilidad": "P\u00fablico",
        "cliente": 123456,
        "descripcion": "Es un restaurante que te acerca a la real cachapa venezolana presentando diferentes quesos que le agregan gusto al paladar.",
        "votos": [],
        "plan": 4,
        "logo": "uploads/img/logos/logo_restaurant_06.jpg",
        "rif": "J-14345785-9",
        "nombre": "El Cachapon",
        "metodos_pago": [
            4,
            1
        ],
        "slug": "el-cachapon",
        "abierto": true
    },
    "model": "main.restaurante",
    "pk": 4
},
{
    "fields": {
        "status": "Activo",
        "categoria": [
            27
        ],
        "servicios": [
            4
        ],
        "visibilidad": "P\u00fablico",
        "cliente": 123456,
        "descripcion": "Es un restaurante que te acerca al real perro caliente venezolana presentando diferentes salsas que le agregan gusto al paladar.",
        "votos": [
            1
        ],
        "plan": 3,
        "logo": "uploads/img/logos/logo_restaurant_02.jpg",
        "rif": "J-12345678-9",
        "nombre": "El Perrocalenton",
        "metodos_pago": [
            4,
            1
        ],
        "slug": "el-perrocalenton",
        "abierto": true
    },
    "model": "main.restaurante",
    "pk": 5
},
{
    "fields": {
        "status": "Activo",
        "categoria": [
            23
        ],
        "servicios": [
            1,
            6,
            9
        ],
        "visibilidad": "P\u00fablico",
        "cliente": 123456,
        "descripcion": "Bar que trae los mejores grupos musicales del Estado Lara.",
        "votos": [],
        "plan": 2,
        "logo": "uploads/img/logos/logo_restaurant_04.jpg",
        "rif": "J-12345678-9",
        "nombre": "Bar Quisimeto",
        "metodos_pago": [
            3,
            2
        ],
        "slug": "bar-quisimeto",
        "abierto": true
    },
    "model": "main.restaurante",
    "pk": 6
},
{
    "fields": {
        "nombre": "Caracas"
    },
    "model": "main.ciudad",
    "pk": 1
},
{
    "fields": {
        "nombre": "La Candelaria",
        "ciudad": 1
    },
    "model": "main.zona",
    "pk": 1
},
{
    "fields": {
        "nombre": "Los Palos Grandes",
        "ciudad": 1
    },
    "model": "main.zona",
    "pk": 2
},
{
    "fields": {
        "latitud": "10.50498600000000060",
        "zona": 1,
        "restaurante": 1,
        "direccion": "Av. M\u00e9xico, cruce con Cl. Rafael Domingo Sisco, Edificio Hotel Plaza Mayor, Piso P.B",
        "calle": "",
        "ciudad": 1,
        "longitud": "-66.90503200000000561"
    },
    "model": "main.direccion",
    "pk": 1
},
{
    "fields": {
        "latitud": "10.50498600000000060",
        "zona": 2,
        "restaurante": 6,
        "direccion": "Distrito Capital, Caracas, Tercera transversal de los Palos Grandes.",
        "calle": "",
        "ciudad": 1,
        "longitud": "-67.90503200000000561"
    },
    "model": "main.direccion",
    "pk": 2
},
{
    "fields": {
        "restaurante": 1,
        "display": true,
        "numero": "0212-2357584"
    },
    "model": "main.telefonorestaurante",
    "pk": 1
},
{
    "fields": {
        "restaurante": 1,
        "display": true,
        "numero": "0212-2357588"
    },
    "model": "main.telefonorestaurante",
    "pk": 2
},
{
    "fields": {
        "descripcion": "imagen1",
        "restaurante": 6,
        "thumbnail": "uploads/img/rest/thumbnails/imagen_p_thumbnail.jpeg",
        "archivo": "uploads/img/rest/imagen_p.jpg"
    },
    "model": "main.imagen",
    "pk": 1
},
{
    "fields": {
        "hasta": "9:00 pm",
        "restaurante": 6,
        "desde": "2:00 pm",
        "dia": "Lunes"
    },
    "model": "main.horario",
    "pk": 1
},
{
    "fields": {
        "hasta": "9:00 pm",
        "restaurante": 6,
        "desde": "2:00 pm",
        "dia": "Martes"
    },
    "model": "main.horario",
    "pk": 2
},
{
    "fields": {
        "hasta": "9:00 pm",
        "restaurante": 6,
        "desde": "2:00 pm",
        "dia": "Mi\u00e9rcoles"
    },
    "model": "main.horario",
    "pk": 3
},
{
    "fields": {
        "hasta": "9:00 pm",
        "restaurante": 6,
        "desde": "2:00 pm",
        "dia": "Jueves"
    },
    "model": "main.horario",
    "pk": 4
},
{
    "fields": {
        "hasta": "9:00 pm",
        "restaurante": 6,
        "desde": "2:00 pm",
        "dia": "Viernes"
    },
    "model": "main.horario",
    "pk": 5
},
{
    "fields": {
        "hasta": "9:00 pm",
        "restaurante": 6,
        "desde": "2:00 pm",
        "dia": "S\u00e1bado"
    },
    "model": "main.horario",
    "pk": 6
},
{
    "fields": {
        "hasta": "9:00 pm",
        "restaurante": 6,
        "desde": "2:00 pm",
        "dia": "Domingo"
    },
    "model": "main.horario",
    "pk": 7
},
{
    "fields": {
        "nombre": "El Parrillon",
        "restaurante": 1
    },
    "model": "main.menu",
    "pk": 1
},
{
    "fields": {
        "nombre": "Entradas"
    },
    "model": "main.tipo",
    "pk": 1
},
{
    "fields": {
        "nombre": "Platos Fuertes"
    },
    "model": "main.tipo",
    "pk": 2
},
{
    "fields": {
        "nombre": "Postres"
    },
    "model": "main.tipo",
    "pk": 3
},
{
    "fields": {
        "nombre": "Sopas"
    },
    "model": "main.tipo",
    "pk": 4
},
{
    "fields": {
        "nombre": "Pastas"
    },
    "model": "main.tipo",
    "pk": 5
},
{
    "fields": {
        "nombre": "Rolls"
    },
    "model": "main.tipo",
    "pk": 6
},
{
    "fields": {
        "nombre": "Aves"
    },
    "model": "main.tipo",
    "pk": 7
},
{
    "fields": {
        "imagen": "media/files/img/ico.png",
        "tipo": 1,
        "menu": 1,
        "disponibilidad": true,
        "precio": "140.00",
        "descripcion": "Un corte extra fino de lomito con queso mozzarela pesto y aceite de oliva extra virgen.",
        "nombre": "Carpaccio de lomito"
    },
    "model": "main.plato",
    "pk": 1
},
{
    "fields": {
        "imagen": "media/files/img/ico.png",
        "tipo": 1,
        "menu": 1,
        "disponibilidad": true,
        "precio": "80.00",
        "descripcion": "Una raci\u00f3n de 6 arepitas fritas para acompa\u00f1ar tu parrilla",
        "nombre": "Arepitas"
    },
    "model": "main.plato",
    "pk": 2
},
{
    "fields": {
        "imagen": "media/files/img/ico.png",
        "tipo": 1,
        "menu": 1,
        "disponibilidad": true,
        "precio": "114.00",
        "descripcion": "Una raci\u00f3n de yuca frita con queso mozzarela para acompa\u00f1ar la comida.",
        "nombre": "Yuca Frita"
    },
    "model": "main.plato",
    "pk": 3
},
{
    "fields": {
        "imagen": "media/files/img/ico.png",
        "tipo": 1,
        "menu": 1,
        "disponibilidad": true,
        "precio": "86.00",
        "descripcion": "Una raci\u00f3n de 4 bollitos de harina de trigo.",
        "nombre": "Bollitos de trigo"
    },
    "model": "main.plato",
    "pk": 4
},
{
    "fields": {
        "imagen": "media/files/img/ico.png",
        "tipo": 1,
        "menu": 1,
        "disponibilidad": true,
        "precio": "78.00",
        "descripcion": "Una ensalada de lechuga con salsa Cesar trozos de pan duro y queso rallado.",
        "nombre": "Ensalada Cesar"
    },
    "model": "main.plato",
    "pk": 5
},
{
    "fields": {
        "imagen": "media/files/img/ico.png",
        "tipo": 2,
        "menu": 1,
        "disponibilidad": true,
        "precio": "260.00",
        "descripcion": "Parrilla de solomo, acompa\u00f1ado con salsa barbecue guasacaca y dos arepitas fritas.",
        "nombre": "Parrilla de solomo"
    },
    "model": "main.plato",
    "pk": 6
},
{
    "fields": {
        "imagen": "media/files/img/ico.png",
        "tipo": 2,
        "menu": 1,
        "disponibilidad": true,
        "precio": "242.00",
        "descripcion": "Parrilla de pollo sazonado acompa\u00f1ada con dos arepitas fritas, un vaso de guasacaca y queso rallado.\t",
        "nombre": "Parrilla de pollo"
    },
    "model": "main.plato",
    "pk": 7
},
{
    "fields": {
        "imagen": "media/files/img/ico.png",
        "tipo": 2,
        "menu": 1,
        "disponibilidad": true,
        "precio": "254.00",
        "descripcion": "Parrilla de pollo a la brasa, chorizo y solomo acompa\u00f1ado con guasacaca y dos arepitas fritas.\t",
        "nombre": "Parrilla mixta"
    },
    "model": "main.plato",
    "pk": 8
},
{
    "fields": {
        "imagen": "media/files/img/ico.png",
        "tipo": 2,
        "menu": 1,
        "disponibilidad": true,
        "precio": "451.00",
        "descripcion": "Una parrilla mixta, de chorizo pollo y solomo perfecta para dos personas acompa\u00f1ado con ensalada o arepitas fritas.",
        "nombre": "Parrilla para 2 personas"
    },
    "model": "main.plato",
    "pk": 9
},
{
    "fields": {
        "imagen": "media/files/img/ico.png",
        "tipo": 2,
        "menu": 1,
        "disponibilidad": true,
        "precio": "288.00",
        "descripcion": "Un pollo a la brasa ba\u00f1ado en salsa de ajo acompa\u00f1ado con yuca frita.",
        "nombre": "Pollo a la brasa"
    },
    "model": "main.plato",
    "pk": 10
},
{
    "fields": {
        "imagen": "media/files/img/ico.png",
        "tipo": 2,
        "menu": 1,
        "disponibilidad": true,
        "precio": "645.00",
        "descripcion": "Punta trasera peque\u00f1a, perfecta para 3 personas acompa\u00f1ado con una ensalada cesar y 4 hallaquitas",
        "nombre": "Punta trasera"
    },
    "model": "main.plato",
    "pk": 11
},
{
    "fields": {
        "imagen": "media/files/img/ico.png",
        "tipo": 3,
        "menu": 1,
        "disponibilidad": true,
        "precio": "60.00",
        "descripcion": "Exquisito pedazo de torta tres leches concrema chantilly.",
        "nombre": "Tres leches"
    },
    "model": "main.plato",
    "pk": 12
},
{
    "fields": {
        "imagen": "media/files/img/ico.png",
        "tipo": 3,
        "menu": 1,
        "disponibilidad": true,
        "precio": "45.00",
        "descripcion": "Sabroso pedazo de torta de chocolate de dos pisos con glaseado de chocolate y chispas de chocolate.",
        "nombre": "Torta de chocolate"
    },
    "model": "main.plato",
    "pk": 13
}
]
